Transaction ID,Date of Purchase,Time of Purchase,Purchase Type,Date of Journey,Departure Time,Arrival Time,Payment Method,Railcard,Ticket Class,Ticket Type,Departure Station,Arrival Destination,Predicted_Delayed,Prediction_Probability
T0000,2025-11-17,05:40:00,Station,2025-12-11,13:23:00,10:18:00,Contactless,Senior,Standard,Off-Peak,Liverpool Lime Street,Bristol Temple Meads,0,0.1533
T0001,2025-11-22,13:42:00,Online,2025-12-18,11:54:00,16:44:00,Debit Card,None,First Class,Anytime,York,Leeds,0,0.34
T0002,2025-11-18,14:32:00,Station,2025-11-30,12:31:00,08:58:00,Debit Card,Adult,First Class,Advance,Birmingham New Street,Manchester Piccadilly,0,0.4833
T0003,2025-11-16,19:57:00,Online,2025-12-24,11:23:00,21:56:00,Contactless,Adult,First Class,Advance,London Paddington,Leeds,0,0.0767
T0004,2025-11-21,09:18:00,Station,2025-12-21,19:45:00,19:54:00,Debit Card,None,Standard,Advance,Leeds,London Paddington,0,0.1
T0005,2025-11-14,10:04:00,Station,2025-12-17,09:29:00,14:22:00,Credit Card,Senior,First Class,Advance,London Paddington,Bristol Temple Meads,0,0.29
T0006,2025-11-14,04:45:00,Online,2025-12-08,06:11:00,09:25:00,Debit Card,Senior,First Class,Anytime,York,Bristol Temple Meads,0,0.16
T0007,2025-11-21,05:30:00,Station,2025-12-16,14:51:00,16:11:00,Contactless,None,Standard,Anytime,London Paddington,Reading,0,0.1167
T0008,2025-11-14,00:58:00,Online,2025-12-05,13:27:00,10:28:00,Debit Card,Senior,Standard,Anytime,Leeds,York,0,0.17
T0009,2025-11-24,21:34:00,Station,2025-12-03,12:44:00,20:28:00,Debit Card,Adult,Standard,Off-Peak,York,Reading,0,0.3133
T0010,2025-11-13,00:03:00,Online,2025-12-14,12:56:00,21:38:00,Credit Card,Adult,First Class,Anytime,Manchester Piccadilly,Bristol Temple Meads,0,0.07
T0011,2025-11-11,08:11:00,Station,2025-12-11,09:39:00,15:37:00,Debit Card,None,First Class,Anytime,Liverpool Lime Street,York,0,0.3833
T0012,2025-11-19,15:36:00,Station,2025-11-30,08:44:00,23:01:00,Contactless,Senior,First Class,Anytime,Manchester Piccadilly,Reading,0,0.0367
T0013,2025-11-11,03:12:00,Station,2025-12-12,06:32:00,19:04:00,Debit Card,Adult,First Class,Anytime,Reading,Manchester Piccadilly,0,0.3867
T0014,2025-11-20,17:05:00,Online,2025-11-30,08:25:00,15:19:00,Debit Card,Adult,Standard,Advance,Leeds,Reading,0,0.26
T0015,2025-11-23,17:10:00,Station,2025-11-27,06:53:00,18:43:00,Credit Card,Adult,First Class,Off-Peak,Birmingham New Street,Bristol Temple Meads,0,0.0767
T0016,2025-11-13,20:12:00,Station,2025-12-12,11:06:00,13:37:00,Debit Card,None,First Class,Anytime,London Paddington,Birmingham New Street,0,0.1967
T0017,2025-11-22,08:55:00,Online,2025-12-01,06:42:00,10:20:00,Contactless,None,First Class,Off-Peak,York,Bristol Temple Meads,0,0.0567
T0018,2025-11-18,22:49:00,Online,2025-12-20,10:12:00,08:21:00,Contactless,None,First Class,Advance,Leeds,Reading,0,0.0233
T0019,2025-11-16,03:40:00,Station,2025-12-06,13:08:00,18:16:00,Debit Card,None,Standard,Anytime,Bristol Temple Meads,Birmingham New Street,0,0.2133
T0021,2025-11-12,07:53:00,Station,2025-11-30,18:43:00,18:27:00,Credit Card,Adult,First Class,Advance,London Paddington,Leeds,0,0.0133
T0022,2025-11-16,22:25:00,Online,2025-11-27,21:57:00,10:27:00,Contactless,Adult,First Class,Anytime,Reading,York,0,0.0633
T0023,2025-11-13,01:03:00,Online,2025-12-13,21:39:00,19:09:00,Credit Card,Senior,Standard,Anytime,Manchester Piccadilly,York,0,0.0267
T0024,2025-11-21,08:22:00,Online,2025-12-10,18:57:00,23:06:00,Debit Card,None,Standard,Advance,Reading,Birmingham New Street,0,0.0233
T0025,2025-11-19,20:59:00,Station,2025-12-02,12:18:00,16:39:00,Credit Card,Adult,First Class,Off-Peak,London Paddington,Leeds,0,0.0633
T0026,2025-11-20,06:43:00,Station,2025-12-11,15:12:00,14:48:00,Credit Card,Adult,Standard,Off-Peak,Leeds,Bristol Temple Meads,0,0.1367
T0027,2025-11-14,22:19:00,Station,2025-12-05,15:26:00,12:53:00,Debit Card,Adult,Standard,Anytime,York,Manchester Piccadilly,1,0.5533
T0028,2025-11-23,07:24:00,Online,2025-12-15,19:04:00,14:30:00,Contactless,Adult,Standard,Anytime,Reading,Birmingham New Street,0,0.01
T0029,2025-11-12,23:20:00,Online,2025-12-13,15:10:00,09:34:00,Contactless,Senior,First Class,Anytime,Birmingham New Street,York,0,0.05
T0031,2025-11-13,20:19:00,Online,2025-12-08,12:50:00,12:01:00,Debit Card,None,First Class,Advance,Leeds,Birmingham New Street,0,0.22
T0032,2025-11-14,21:48:00,Online,2025-11-28,08:43:00,11:14:00,Credit Card,Adult,First Class,Off-Peak,London Paddington,Birmingham New Street,0,0.0467
T0033,2025-11-12,09:01:00,Online,2025-11-27,10:11:00,13:29:00,Contactless,None,Standard,Advance,Bristol Temple Meads,Reading,0,0.0433
T0034,2025-11-22,04:58:00,Station,2025-12-24,13:20:00,18:05:00,Contactless,Senior,First Class,Advance,York,Birmingham New Street,0,0.0133
T0036,2025-11-20,17:18:00,Online,2025-12-13,15:21:00,13:02:00,Contactless,None,Standard,Advance,York,Bristol Temple Meads,0,0.0733
T0037,2025-11-18,16:43:00,Online,2025-12-21,06:56:00,10:02:00,Credit Card,Senior,First Class,Anytime,Bristol Temple Meads,Reading,0,0.0233
T0038,2025-11-22,19:19:00,Online,2025-12-20,15:19:00,08:23:00,Contactless,Senior,Standard,Off-Peak,Bristol Temple Meads,Manchester Piccadilly,0,0.0367
T0039,2025-11-19,10:21:00,Station,2025-12-05,15:00:00,21:56:00,Debit Card,None,First Class,Anytime,Birmingham New Street,York,0,0.2767
T0040,2025-11-23,23:58:00,Station,2025-12-05,20:45:00,13:16:00,Credit Card,Senior,Standard,Advance,Liverpool Lime Street,Birmingham New Street,0,0.0133
T0042,2025-11-13,07:28:00,Station,2025-12-01,22:12:00,17:33:00,Credit Card,Adult,First Class,Advance,London Paddington,Liverpool Lime Street,0,0.01
T0043,2025-11-19,09:05:00,Online,2025-11-26,06:12:00,20:30:00,Contactless,Adult,Standard,Advance,Birmingham New Street,York,0,0.0833
T0044,2025-11-17,10:13:00,Online,2025-12-16,21:58:00,14:07:00,Credit Card,Adult,First Class,Advance,Birmingham New Street,Bristol Temple Meads,0,0.0367
T0046,2025-11-11,10:26:00,Online,2025-12-01,21:23:00,11:42:00,Debit Card,Senior,Standard,Off-Peak,Manchester Piccadilly,Birmingham New Street,0,0.12
T0047,2025-11-23,05:01:00,Online,2025-12-22,14:58:00,11:48:00,Debit Card,Senior,First Class,Off-Peak,Liverpool Lime Street,Bristol Temple Meads,0,0.4567
T0048,2025-11-17,06:00:00,Online,2025-12-23,09:17:00,18:11:00,Debit Card,None,First Class,Off-Peak,Birmingham New Street,Reading,0,0.2467
T0049,2025-11-11,08:43:00,Online,2025-12-24,17:36:00,11:07:00,Contactless,Adult,First Class,Anytime,Liverpool Lime Street,Reading,0,0.0967
T0050,2025-11-24,03:36:00,Station,2025-11-29,18:20:00,19:45:00,Debit Card,None,First Class,Off-Peak,Bristol Temple Meads,Reading,0,0.0733
T0051,2025-11-19,23:06:00,Station,2025-12-01,13:45:00,15:24:00,Contactless,Adult,Standard,Advance,Bristol Temple Meads,Birmingham New Street,0,0.0233
T0053,2025-11-21,20:12:00,Station,2025-12-19,09:37:00,10:53:00,Credit Card,Senior,Standard,Off-Peak,Leeds,Manchester Piccadilly,0,0.0367
T0054,2025-11-20,11:18:00,Station,2025-12-18,12:43:00,13:26:00,Credit Card,Adult,Standard,Advance,York,Manchester Piccadilly,0,0.04
T0055,2025-11-22,18:03:00,Online,2025-12-23,11:59:00,19:55:00,Debit Card,None,Standard,Advance,Leeds,Bristol Temple Meads,0,0.5
T0056,2025-11-21,07:36:00,Online,2025-12-14,08:54:00,09:57:00,Contactless,Adult,Standard,Advance,Leeds,Reading,0,0.18
T0057,2025-11-15,10:05:00,Online,2025-12-04,07:00:00,23:50:00,Debit Card,Senior,First Class,Advance,Leeds,London Paddington,0,0.16
T0058,2025-11-16,13:16:00,Online,2025-11-29,22:47:00,13:13:00,Debit Card,Adult,First Class,Advance,York,Leeds,0,0.1933
T0059,2025-11-11,12:01:00,Online,2025-12-10,17:45:00,12:26:00,Credit Card,Adult,Standard,Anytime,Liverpool Lime Street,Birmingham New Street,0,0.1033
T0060,2025-11-17,01:44:00,Station,2025-12-16,09:40:00,13:52:00,Debit Card,Senior,Standard,Off-Peak,Bristol Temple Meads,Leeds,0,0.3167
T0061,2025-11-16,17:18:00,Station,2025-12-17,09:48:00,13:45:00,Contactless,None,Standard,Advance,Liverpool Lime Street,Bristol Temple Meads,0,0.0667
T0062,2025-11-24,23:10:00,Online,2025-12-16,12:08:00,19:27:00,Debit Card,Adult,First Class,Advance,Liverpool Lime Street,Reading,0,0.41
T0064,2025-11-20,22:50:00,Station,2025-12-10,12:46:00,20:20:00,Credit Card,None,Standard,Advance,Birmingham New Street,Bristol Temple Meads,0,0.1667
T0066,2025-11-24,21:25:00,Online,2025-11-26,19:27:00,18:23:00,Debit Card,Senior,First Class,Off-Peak,Reading,Leeds,0,0.0367
T0067,2025-11-17,19:26:00,Station,2025-12-12,09:56:00,18:04:00,Debit Card,None,First Class,Anytime,Reading,Liverpool Lime Street,0,0.2633
T0068,2025-11-23,10:34:00,Online,2025-12-05,13:05:00,11:37:00,Debit Card,None,First Class,Advance,Birmingham New Street,Leeds,0,0.4367
T0069,2025-11-21,02:06:00,Online,2025-12-12,14:58:00,17:23:00,Credit Card,None,First Class,Anytime,Liverpool Lime Street,Leeds,0,0.0467
T0070,2025-11-24,21:53:00,Online,2025-11-27,07:02:00,08:49:00,Contactless,Senior,First Class,Anytime,Birmingham New Street,Liverpool Lime Street,0,0.0167
T0071,2025-11-22,03:04:00,Station,2025-12-08,21:57:00,16:48:00,Credit Card,Adult,First Class,Advance,London Paddington,Birmingham New Street,0,0.0267
T0072,2025-11-19,09:28:00,Station,2025-12-01,20:55:00,12:45:00,Credit Card,None,First Class,Off-Peak,Liverpool Lime Street,Manchester Piccadilly,0,0.01
T0073,2025-11-11,19:31:00,Station,2025-12-08,10:13:00,22:07:00,Contactless,Adult,Standard,Off-Peak,York,Reading,0,0.04
T0074,2025-11-23,09:27:00,Station,2025-12-13,19:24:00,15:23:00,Contactless,Adult,First Class,Off-Peak,Bristol Temple Meads,York,0,0.0367
T0075,2025-11-16,02:55:00,Station,2025-11-26,13:07:00,22:40:00,Debit Card,Senior,Standard,Advance,Bristol Temple Meads,Birmingham New Street,0,0.1733
T0076,2025-11-16,19:16:00,Online,2025-12-21,16:02:00,19:56:00,Credit Card,Adult,First Class,Advance,York,Liverpool Lime Street,0,0.0267
T0077,2025-11-19,16:07:00,Station,2025-12-08,09:46:00,16:46:00,Debit Card,None,Standard,Anytime,York,Manchester Piccadilly,0,0.34
T0078,2025-11-14,18:52:00,Online,2025-12-20,18:15:00,10:00:00,Credit Card,None,First Class,Anytime,Liverpool Lime Street,Bristol Temple Meads,0,0.0767
T0079,2025-11-14,07:56:00,Station,2025-12-20,07:51:00,21:12:00,Debit Card,Adult,Standard,Advance,Manchester Piccadilly,Birmingham New Street,0,0.3167
T0080,2025-11-16,19:11:00,Online,2025-12-08,12:49:00,14:39:00,Contactless,Senior,Standard,Anytime,Birmingham New Street,York,0,0.0667
T0081,2025-11-17,05:28:00,Online,2025-11-26,20:48:00,19:57:00,Debit Card,Senior,First Class,Anytime,Manchester Piccadilly,York,0,0.0833
T0082,2025-11-17,00:27:00,Online,2025-11-27,19:36:00,10:13:00,Debit Card,Senior,First Class,Anytime,Liverpool Lime Street,Leeds,0,0.1367
T0085,2025-11-16,20:33:00,Station,2025-12-16,09:27:00,16:12:00,Credit Card,None,Standard,Off-Peak,Leeds,Birmingham New Street,0,0.0433
T0086,2025-11-22,19:23:00,Online,2025-11-29,14:04:00,18:15:00,Contactless,Adult,Standard,Anytime,Liverpool Lime Street,York,0,0.0567
T0087,2025-11-22,18:33:00,Online,2025-12-23,14:17:00,17:07:00,Debit Card,Adult,First Class,Anytime,Manchester Piccadilly,Liverpool Lime Street,0,0.5
T0088,2025-11-11,17:42:00,Station,2025-12-02,08:28:00,19:21:00,Contactless,Adult,Standard,Off-Peak,Reading,Manchester Piccadilly,0,0.0933
T0089,2025-11-20,21:54:00,Station,2025-12-14,22:03:00,08:05:00,Contactless,Adult,Standard,Advance,Leeds,Bristol Temple Meads,0,0.01
T0090,2025-11-19,10:24:00,Station,2025-12-24,17:10:00,22:21:00,Contactless,Adult,First Class,Off-Peak,London Paddington,Reading,0,0.0267
T0092,2025-11-19,18:59:00,Station,2025-12-08,09:04:00,09:54:00,Credit Card,None,Standard,Advance,Birmingham New Street,Leeds,0,0.1167
T0093,2025-11-19,12:35:00,Online,2025-11-30,17:17:00,19:30:00,Debit Card,None,First Class,Off-Peak,London Paddington,Birmingham New Street,0,0.15
T0094,2025-11-14,23:32:00,Station,2025-12-14,10:08:00,11:14:00,Debit Card,Senior,First Class,Anytime,London Paddington,Bristol Temple Meads,0,0.2067
T0095,2025-11-19,20:32:00,Online,2025-11-29,18:31:00,17:19:00,Credit Card,Senior,First Class,Off-Peak,London Paddington,Bristol Temple Meads,0,0.1267
T0097,2025-11-14,03:53:00,Station,2025-12-19,12:51:00,21:14:00,Contactless,Senior,First Class,Off-Peak,London Paddington,Bristol Temple Meads,0,0.1767
T0099,2025-11-24,23:59:00,Station,2025-11-26,18:08:00,17:46:00,Contactless,Adult,First Class,Anytime,Liverpool Lime Street,Reading,0,0.0333
T0100,2025-11-18,02:39:00,Station,2025-12-24,20:08:00,20:25:00,Contactless,Adult,Standard,Anytime,Liverpool Lime Street,Manchester Piccadilly,0,0.0067
T0101,2025-11-23,21:27:00,Station,2025-11-26,10:01:00,22:25:00,Credit Card,Senior,First Class,Anytime,Bristol Temple Meads,Leeds,0,0.08
T0102,2025-11-23,07:15:00,Station,2025-12-18,14:35:00,08:37:00,Contactless,None,First Class,Advance,Reading,Liverpool Lime Street,0,0.0267
T0103,2025-11-18,10:20:00,Online,2025-12-11,21:09:00,23:27:00,Debit Card,Adult,First Class,Anytime,York,London Paddington,0,0.15
T0104,2025-11-13,08:33:00,Station,2025-12-23,08:07:00,16:10:00,Debit Card,Senior,First Class,Off-Peak,Liverpool Lime Street,London Paddington,0,0.31
T0105,2025-11-17,01:03:00,Online,2025-12-05,20:59:00,21:09:00,Debit Card,Adult,Standard,Advance,Reading,Bristol Temple Meads,0,0.0933
T0106,2025-11-11,20:50:00,Station,2025-12-19,17:48:00,10:57:00,Debit Card,Adult,Standard,Advance,Leeds,Manchester Piccadilly,1,0.5667
T0107,2025-11-11,01:03:00,Online,2025-12-07,16:20:00,15:01:00,Contactless,Senior,Standard,Off-Peak,Birmingham New Street,Manchester Piccadilly,0,0.05
T0108,2025-11-24,16:55:00,Online,2025-11-26,18:38:00,15:41:00,Credit Card,None,First Class,Off-Peak,York,Manchester Piccadilly,0,0.01
T0109,2025-11-12,14:50:00,Online,2025-12-24,09:43:00,20:40:00,Debit Card,Senior,Standard,Off-Peak,Birmingham New Street,Bristol Temple Meads,0,0.3833
T0110,2025-11-11,20:21:00,Online,2025-12-08,14:15:00,16:16:00,Contactless,Senior,First Class,Anytime,Liverpool Lime Street,Reading,0,0.0733
T0112,2025-11-17,14:55:00,Online,2025-12-22,08:49:00,21:58:00,Credit Card,None,First Class,Anytime,Reading,Leeds,0,0.0533
T0113,2025-11-18,03:16:00,Station,2025-11-28,21:03:00,17:26:00,Contactless,Senior,Standard,Advance,Manchester Piccadilly,Liverpool Lime Street,0,0.0167
T0114,2025-11-23,01:05:00,Station,2025-12-10,13:52:00,19:54:00,Credit Card,Adult,Standard,Off-Peak,Leeds,York,0,0.06
T0115,2025-11-11,00:24:00,Station,2025-11-30,21:56:00,23:09:00,Debit Card,Senior,First Class,Anytime,Birmingham New Street,Manchester Piccadilly,0,0.0467
T0116,2025-11-11,20:26:00,Station,2025-12-09,13:26:00,10:02:00,Debit Card,Senior,Standard,Off-Peak,Liverpool Lime Street,York,0,0.2767
T0117,2025-11-16,12:42:00,Online,2025-12-13,20:03:00,15:17:00,Contactless,None,First Class,Advance,Liverpool Lime Street,Manchester Piccadilly,0,0.0033
T0118,2025-11-20,16:38:00,Online,2025-12-22,13:41:00,08:00:00,Contactless,None,First Class,Off-Peak,London Paddington,Liverpool Lime Street,0,0.0433
T0119,2025-11-18,20:38:00,Online,2025-12-21,14:30:00,15:30:00,Debit Card,None,First Class,Off-Peak,Liverpool Lime Street,York,0,0.4033
T0120,2025-11-16,15:44:00,Station,2025-12-17,14:27:00,13:53:00,Debit Card,Senior,First Class,Anytime,Leeds,London Paddington,0,0.2867
T0121,2025-11-20,18:11:00,Station,2025-11-27,22:26:00,08:29:00,Credit Card,None,First Class,Advance,York,Bristol Temple Meads,0,0.05
T0123,2025-11-12,07:00:00,Station,2025-12-13,13:22:00,23:03:00,Credit Card,Adult,First Class,Advance,Manchester Piccadilly,Bristol Temple Meads,0,0.06
T0124,2025-11-12,11:21:00,Online,2025-12-19,13:31:00,23:49:00,Credit Card,Adult,Standard,Off-Peak,Leeds,London Paddington,0,0.1
T0128,2025-11-16,05:20:00,Station,2025-12-19,07:24:00,08:04:00,Credit Card,Adult,Standard,Advance,Birmingham New Street,Leeds,0,0.1067
T0129,2025-11-20,18:01:00,Station,2025-11-30,07:47:00,18:53:00,Debit Card,None,Standard,Off-Peak,Leeds,Reading,0,0.1733
T0130,2025-11-20,10:45:00,Station,2025-12-14,16:46:00,23:13:00,Debit Card,Adult,Standard,Anytime,Manchester Piccadilly,Birmingham New Street,0,0.33
T0131,2025-11-14,16:50:00,Online,2025-12-11,12:28:00,11:33:00,Credit Card,None,First Class,Advance,Manchester Piccadilly,Birmingham New Street,0,0.03
T0132,2025-11-22,03:55:00,Online,2025-12-22,13:51:00,12:41:00,Contactless,None,First Class,Advance,Liverpool Lime Street,Leeds,0,0.0133
T0133,2025-11-21,14:00:00,Online,2025-12-08,15:24:00,22:18:00,Debit Card,None,First Class,Anytime,Reading,Liverpool Lime Street,0,0.25
T0134,2025-11-15,09:01:00,Online,2025-12-21,17:27:00,15:59:00,Debit Card,Adult,Standard,Advance,Reading,Leeds,0,0.36
T0136,2025-11-22,04:24:00,Online,2025-12-18,22:44:00,16:49:00,Debit Card,None,First Class,Off-Peak,Leeds,York,0,0.13
T0137,2025-11-12,19:23:00,Online,2025-11-27,08:48:00,15:30:00,Contactless,Senior,First Class,Off-Peak,Birmingham New Street,London Paddington,0,0.0533
T0138,2025-11-20,01:37:00,Station,2025-12-12,22:06:00,12:55:00,Credit Card,Adult,First Class,Advance,Reading,Bristol Temple Meads,0,0.0233
T0140,2025-11-20,08:28:00,Station,2025-12-07,12:26:00,16:07:00,Debit Card,None,First Class,Advance,Liverpool Lime Street,Leeds,0,0.4267
T0141,2025-11-20,11:50:00,Online,2025-12-12,09:40:00,19:45:00,Contactless,Senior,First Class,Advance,Liverpool Lime Street,Birmingham New Street,0,0.0467
T0142,2025-11-24,15:01:00,Station,2025-12-03,06:14:00,20:33:00,Contactless,Senior,Standard,Anytime,Bristol Temple Meads,Birmingham New Street,0,0.05
T0143,2025-11-19,14:47:00,Station,2025-12-21,11:29:00,09:02:00,Credit Card,None,First Class,Advance,London Paddington,Bristol Temple Meads,0,0.0933
T0144,2025-11-24,23:14:00,Station,2025-12-07,08:00:00,22:37:00,Credit Card,None,First Class,Advance,Birmingham New Street,London Paddington,0,0.0867
T0145,2025-11-14,15:50:00,Online,2025-12-15,22:50:00,10:06:00,Contactless,Adult,First Class,Advance,Manchester Piccadilly,Leeds,0,0.23
T0147,2025-11-16,12:45:00,Station,2025-12-18,17:50:00,08:21:00,Debit Card,None,First Class,Advance,Liverpool Lime Street,Leeds,0,0.2033
T0148,2025-11-14,06:27:00,Station,2025-12-08,14:11:00,11:40:00,Debit Card,Senior,Standard,Off-Peak,Manchester Piccadilly,Leeds,0,0.3167
T0151,2025-11-14,12:05:00,Station,2025-12-19,14:05:00,17:48:00,Contactless,None,First Class,Off-Peak,London Paddington,York,0,0.0733
T0152,2025-11-24,22:55:00,Station,2025-12-07,15:34:00,08:18:00,Debit Card,Adult,Standard,Off-Peak,Leeds,Manchester Piccadilly,0,0.4867
T0153,2025-11-15,06:51:00,Online,2025-12-06,15:25:00,22:34:00,Debit Card,None,Standard,Off-Peak,Liverpool Lime Street,London Paddington,0,0.4867
T0154,2025-11-17,12:35:00,Online,2025-12-18,10:15:00,10:14:00,Credit Card,Adult,First Class,Anytime,Birmingham New Street,Reading,0,0.0633
T0155,2025-11-11,17:05:00,Online,2025-12-01,16:30:00,20:25:00,Contactless,None,First Class,Off-Peak,Liverpool Lime Street,Birmingham New Street,0,0.0333
T0156,2025-11-11,13:12:00,Online,2025-12-19,06:48:00,12:52:00,Contactless,Adult,Standard,Anytime,Birmingham New Street,Manchester Piccadilly,0,0.12
T0157,2025-11-15,05:24:00,Online,2025-12-13,19:59:00,20:01:00,Debit Card,None,First Class,Advance,Leeds,York,0,0.0867
T0158,2025-11-19,19:54:00,Station,2025-12-14,19:26:00,19:36:00,Debit Card,Senior,First Class,Anytime,Manchester Piccadilly,London Paddington,0,0.1067
T0159,2025-11-15,09:09:00,Online,2025-12-03,15:01:00,15:46:00,Debit Card,Senior,Standard,Off-Peak,Birmingham New Street,London Paddington,0,0.3633
T0160,2025-11-22,00:16:00,Station,2025-12-24,16:04:00,22:54:00,Contactless,Adult,First Class,Anytime,Leeds,York,0,0.0767
T0161,2025-11-14,14:27:00,Station,2025-12-14,07:12:00,12:41:00,Credit Card,Senior,Standard,Off-Peak,Manchester Piccadilly,Liverpool Lime Street,0,0.02
T0162,2025-11-23,18:38:00,Station,2025-11-28,13:23:00,08:57:00,Credit Card,None,First Class,Anytime,London Paddington,Manchester Piccadilly,0,0.0067
T0163,2025-11-12,00:25:00,Online,2025-12-24,06:41:00,11:44:00,Debit Card,Senior,First Class,Advance,Leeds,Manchester Piccadilly,0,0.1967
T0165,2025-11-21,02:44:00,Station,2025-12-22,07:13:00,17:18:00,Credit Card,Adult,First Class,Advance,Manchester Piccadilly,Reading,0,0.0767
T0166,2025-11-20,12:11:00,Station,2025-12-17,11:25:00,12:24:00,Debit Card,None,Standard,Anytime,London Paddington,Manchester Piccadilly,0,0.2633
T0167,2025-11-15,08:47:00,Station,2025-12-12,19:01:00,22:56:00,Credit Card,Senior,First Class,Off-Peak,Bristol Temple Meads,Liverpool Lime Street,0,0.01
T0168,2025-11-16,11:52:00,Online,2025-12-05,06:15:00,14:33:00,Debit Card,Adult,Standard,Off-Peak,Reading,Liverpool Lime Street,0,0.4133
T0169,2025-11-13,13:33:00,Online,2025-12-17,12:51:00,08:11:00,Credit Card,None,Standard,Advance,Reading,London Paddington,0,0.0367
T0170,2025-11-21,23:08:00,Online,2025-12-07,06:29:00,16:42:00,Credit Card,Senior,Standard,Advance,Bristol Temple Meads,Manchester Piccadilly,0,0.0567
T0171,2025-11-16,21:15:00,Station,2025-11-30,08:36:00,23:27:00,Credit Card,Senior,Standard,Advance,Manchester Piccadilly,York,0,0.0667
T0173,2025-11-24,09:45:00,Station,2025-12-14,15:24:00,15:05:00,Debit Card,Adult,Standard,Off-Peak,London Paddington,Leeds,0,0.3833
T0174,2025-11-19,00:23:00,Online,2025-12-09,15:43:00,18:39:00,Contactless,Senior,Standard,Off-Peak,Manchester Piccadilly,London Paddington,0,0.04
T0175,2025-11-20,11:40:00,Online,2025-12-10,13:55:00,21:32:00,Credit Card,None,Standard,Advance,Manchester Piccadilly,Leeds,0,0.04
T0177,2025-11-14,09:00:00,Online,2025-12-09,17:27:00,11:18:00,Contactless,Adult,First Class,Advance,Leeds,Liverpool Lime Street,0,0.0567
T0178,2025-11-23,10:21:00,Station,2025-12-11,09:27:00,22:38:00,Debit Card,Adult,Standard,Off-Peak,Leeds,Reading,0,0.3233
T0179,2025-11-18,20:53:00,Station,2025-12-06,20:09:00,18:02:00,Debit Card,None,Standard,Advance,Leeds,Reading,0,0.0533
T0180,2025-11-24,01:02:00,Online,2025-12-20,15:02:00,14:15:00,Contactless,Senior,Standard,Off-Peak,York,Bristol Temple Meads,0,0.2433
T0181,2025-11-18,16:23:00,Online,2025-12-02,16:41:00,23:50:00,Credit Card,Senior,Standard,Advance,London Paddington,Liverpool Lime Street,0,0.05
T0182,2025-11-15,21:44:00,Online,2025-12-16,21:50:00,23:29:00,Credit Card,None,First Class,Anytime,London Paddington,Bristol Temple Meads,0,0.04
T0183,2025-11-17,09:27:00,Station,2025-12-02,22:29:00,08:03:00,Debit Card,None,Standard,Off-Peak,Leeds,Liverpool Lime Street,0,0.0767
T0184,2025-11-16,09:33:00,Online,2025-11-26,14:28:00,12:58:00,Debit Card,None,First Class,Anytime,Liverpool Lime Street,Bristol Temple Meads,0,0.43
T0185,2025-11-20,11:09:00,Station,2025-12-16,16:26:00,10:08:00,Contactless,Adult,Standard,Advance,Reading,Liverpool Lime Street,0,0.0367
T0187,2025-11-16,13:35:00,Online,2025-12-06,10:27:00,08:43:00,Credit Card,None,First Class,Advance,Reading,Liverpool Lime Street,0,0.0133
T0188,2025-11-14,15:08:00,Station,2025-12-01,13:50:00,18:19:00,Credit Card,None,Standard,Off-Peak,London Paddington,Reading,0,0.0433
T0189,2025-11-24,03:50:00,Station,2025-11-29,06:11:00,18:58:00,Debit Card,None,Standard,Anytime,London Paddington,Bristol Temple Meads,0,0.1867
T0190,2025-11-22,00:22:00,Online,2025-12-03,07:42:00,20:30:00,Contactless,None,Standard,Advance,York,Bristol Temple Meads,0,0.0833
T0191,2025-11-19,09:38:00,Online,2025-12-24,15:07:00,22:50:00,Credit Card,None,First Class,Advance,Reading,Manchester Piccadilly,0,0.0233
T0192,2025-11-13,22:48:00,Online,2025-12-23,10:33:00,08:13:00,Credit Card,Adult,Standard,Off-Peak,Leeds,Birmingham New Street,0,0.0867
T0194,2025-11-20,23:55:00,Station,2025-12-05,12:34:00,15:00:00,Credit Card,Senior,Standard,Advance,Manchester Piccadilly,Reading,0,0.0433
T0195,2025-11-14,05:10:00,Station,2025-12-11,11:41:00,09:21:00,Contactless,Senior,First Class,Anytime,Reading,Manchester Piccadilly,0,0.02
T0196,2025-11-17,00:37:00,Station,2025-12-19,15:06:00,22:01:00,Credit Card,Senior,First Class,Off-Peak,Manchester Piccadilly,Liverpool Lime Street,0,0.05
T0197,2025-11-19,14:41:00,Station,2025-12-05,18:40:00,10:13:00,Contactless,Senior,First Class,Anytime,Reading,York,0,0.0233
T0198,2025-11-20,20:08:00,Station,2025-12-07,16:06:00,20:37:00,Credit Card,Adult,First Class,Off-Peak,Leeds,Birmingham New Street,0,0.1667
T0200,2025-11-21,03:16:00,Online,2025-12-20,13:48:00,18:46:00,Debit Card,None,First Class,Anytime,Birmingham New Street,Reading,0,0.1967
T0201,2025-11-16,16:00:00,Online,2025-12-22,10:23:00,10:45:00,Debit Card,Adult,Standard,Anytime,London Paddington,York,0,0.2933
T0202,2025-11-11,05:52:00,Station,2025-12-04,08:06:00,15:28:00,Debit Card,Senior,Standard,Advance,Leeds,London Paddington,0,0.2267
T0203,2025-11-21,07:11:00,Online,2025-12-06,06:34:00,09:27:00,Debit Card,Adult,First Class,Off-Peak,Leeds,Birmingham New Street,0,0.32
T0204,2025-11-22,11:27:00,Online,2025-12-13,06:45:00,11:00:00,Credit Card,Senior,Standard,Advance,York,Birmingham New Street,0,0.03
T0205,2025-11-14,14:02:00,Station,2025-12-03,18:06:00,23:08:00,Contactless,Adult,First Class,Anytime,Leeds,York,0,0.0133
T0206,2025-11-14,09:57:00,Station,2025-12-20,11:48:00,13:11:00,Contactless,Senior,Standard,Anytime,Manchester Piccadilly,Liverpool Lime Street,0,0.0
T0207,2025-11-18,11:53:00,Online,2025-12-03,16:47:00,19:49:00,Credit Card,None,Standard,Off-Peak,Birmingham New Street,London Paddington,0,0.0333
T0208,2025-11-22,05:53:00,Online,2025-12-23,14:01:00,13:13:00,Debit Card,None,First Class,Advance,Manchester Piccadilly,Liverpool Lime Street,0,0.3867
T0209,2025-11-18,06:17:00,Station,2025-11-26,21:47:00,18:45:00,Credit Card,Senior,First Class,Anytime,Manchester Piccadilly,Reading,0,0.0033
T0210,2025-11-13,19:24:00,Online,2025-12-19,09:56:00,14:40:00,Contactless,Senior,Standard,Off-Peak,Manchester Piccadilly,Birmingham New Street,0,0.0433
T0211,2025-11-12,03:05:00,Online,2025-11-28,17:58:00,11:04:00,Credit Card,Adult,First Class,Advance,Bristol Temple Meads,Leeds,0,0.0467
T0212,2025-11-18,02:30:00,Station,2025-12-10,13:49:00,12:25:00,Contactless,Senior,Standard,Off-Peak,Manchester Piccadilly,Reading,0,0.05
T0213,2025-11-12,07:38:00,Station,2025-12-23,10:11:00,11:04:00,Contactless,Senior,First Class,Advance,Leeds,London Paddington,0,0.0367
T0214,2025-11-16,01:06:00,Online,2025-11-30,08:37:00,20:59:00,Contactless,Adult,First Class,Off-Peak,York,Manchester Piccadilly,0,0.1067
T0215,2025-11-16,08:18:00,Online,2025-12-17,20:00:00,15:04:00,Debit Card,None,Standard,Advance,London Paddington,Leeds,0,0.0867
T0216,2025-11-22,15:36:00,Online,2025-12-23,08:11:00,22:24:00,Debit Card,Senior,Standard,Advance,Reading,Liverpool Lime Street,0,0.1133
T0217,2025-11-17,07:19:00,Online,2025-11-27,17:45:00,12:44:00,Contactless,Adult,Standard,Off-Peak,Birmingham New Street,York,0,0.0567
T0219,2025-11-14,16:54:00,Online,2025-12-08,16:01:00,08:13:00,Contactless,Adult,First Class,Advance,York,Birmingham New Street,0,0.0633
T0220,2025-11-20,02:48:00,Online,2025-12-19,12:31:00,22:22:00,Debit Card,Adult,Standard,Off-Peak,Manchester Piccadilly,Leeds,1,0.5033
T0221,2025-11-19,02:51:00,Station,2025-12-16,06:44:00,16:18:00,Contactless,None,First Class,Anytime,Manchester Piccadilly,Liverpool Lime Street,0,0.05
T0222,2025-11-21,16:55:00,Station,2025-12-06,18:35:00,17:10:00,Contactless,Senior,Standard,Anytime,Liverpool Lime Street,York,0,0.0567
T0223,2025-11-17,10:21:00,Station,2025-12-16,17:25:00,11:27:00,Credit Card,Senior,Standard,Off-Peak,York,Bristol Temple Meads,0,0.2767
T0224,2025-11-23,02:31:00,Station,2025-11-28,21:58:00,20:20:00,Contactless,Adult,Standard,Anytime,York,Birmingham New Street,0,0.0033
T0225,2025-11-11,06:45:00,Online,2025-12-01,12:01:00,22:03:00,Contactless,Senior,First Class,Anytime,York,Leeds,0,0.04
T0226,2025-11-17,17:00:00,Online,2025-12-23,07:59:00,19:47:00,Contactless,None,Standard,Advance,Leeds,Bristol Temple Meads,0,0.1033
T0227,2025-11-15,09:04:00,Station,2025-12-17,15:44:00,23:57:00,Contactless,None,First Class,Advance,London Paddington,Birmingham New Street,0,0.0267
T0228,2025-11-24,01:29:00,Online,2025-12-08,15:11:00,18:55:00,Debit Card,Senior,First Class,Advance,Bristol Temple Meads,Liverpool Lime Street,0,0.22
T0230,2025-11-17,15:28:00,Online,2025-12-09,13:20:00,10:15:00,Contactless,None,First Class,Anytime,Leeds,Liverpool Lime Street,0,0.0533
T0231,2025-11-21,03:36:00,Online,2025-12-15,18:08:00,14:16:00,Contactless,Senior,Standard,Advance,London Paddington,York,0,0.0733
T0232,2025-11-17,01:11:00,Station,2025-12-15,13:30:00,14:13:00,Contactless,Senior,First Class,Advance,Reading,Birmingham New Street,0,0.0233
T0233,2025-11-12,15:34:00,Online,2025-12-19,20:36:00,14:13:00,Debit Card,Adult,First Class,Advance,Bristol Temple Meads,Manchester Piccadilly,0,0.3033
T0234,2025-11-13,21:03:00,Online,2025-12-20,21:45:00,19:01:00,Credit Card,Senior,Standard,Off-Peak,Manchester Piccadilly,Birmingham New Street,0,0.01
T0235,2025-11-11,20:15:00,Station,2025-12-02,15:43:00,23:50:00,Credit Card,Senior,First Class,Advance,Reading,Manchester Piccadilly,0,0.04
T0236,2025-11-24,12:19:00,Station,2025-12-12,20:26:00,23:38:00,Credit Card,Adult,Standard,Anytime,Bristol Temple Meads,Manchester Piccadilly,0,0.0067
T0237,2025-11-23,16:29:00,Station,2025-12-23,19:56:00,11:03:00,Contactless,Adult,Standard,Advance,Reading,Liverpool Lime Street,0,0.02
T0240,2025-11-24,05:22:00,Station,2025-12-15,16:59:00,13:34:00,Debit Card,Adult,First Class,Anytime,Liverpool Lime Street,London Paddington,1,0.52
T0241,2025-11-11,05:18:00,Online,2025-12-23,21:05:00,13:04:00,Debit Card,Senior,First Class,Advance,London Paddington,Birmingham New Street,0,0.0567
T0242,2025-11-21,13:40:00,Online,2025-12-15,22:38:00,15:54:00,Credit Card,Adult,Standard,Advance,Leeds,York,0,0.0433
T0245,2025-11-21,07:22:00,Station,2025-12-18,18:09:00,08:25:00,Credit Card,None,Standard,Off-Peak,Birmingham New Street,Leeds,0,0.0167
T0246,2025-11-16,17:07:00,Station,2025-12-13,16:25:00,20:54:00,Credit Card,Adult,Standard,Anytime,Liverpool Lime Street,Leeds,0,0.04
T0247,2025-11-11,01:58:00,Station,2025-12-22,18:26:00,09:32:00,Contactless,Senior,Standard,Anytime,Birmingham New Street,London Paddington,0,0.01
T0248,2025-11-20,06:12:00,Station,2025-11-27,10:29:00,16:48:00,Contactless,None,First Class,Off-Peak,Bristol Temple Meads,Leeds,0,0.13
T0249,2025-11-14,12:49:00,Station,2025-12-06,06:07:00,08:11:00,Debit Card,None,Standard,Anytime,Leeds,Manchester Piccadilly,0,0.1467
T0250,2025-11-14,23:59:00,Station,2025-12-03,15:28:00,23:36:00,Debit Card,Adult,Standard,Advance,Bristol Temple Meads,Reading,0,0.2733
T0252,2025-11-18,09:57:00,Station,2025-12-12,11:05:00,23:24:00,Debit Card,None,Standard,Anytime,Bristol Temple Meads,Manchester Piccadilly,0,0.3133
T0253,2025-11-14,05:32:00,Online,2025-12-18,12:49:00,10:31:00,Credit Card,None,Standard,Anytime,Bristol Temple Meads,York,0,0.11
T0254,2025-11-24,14:06:00,Station,2025-12-24,20:32:00,14:35:00,Debit Card,None,Standard,Advance,Birmingham New Street,London Paddington,0,0.1467
T0256,2025-11-20,08:38:00,Station,2025-12-08,06:14:00,12:55:00,Credit Card,None,First Class,Advance,Liverpool Lime Street,Leeds,0,0.0867
T0257,2025-11-16,18:07:00,Station,2025-12-20,09:38:00,12:06:00,Debit Card,None,Standard,Anytime,York,Birmingham New Street,0,0.1233
T0258,2025-11-21,21:15:00,Station,2025-11-29,21:24:00,20:19:00,Contactless,Adult,Standard,Advance,Birmingham New Street,York,0,0.0067
T0259,2025-11-21,01:43:00,Station,2025-12-16,06:49:00,14:28:00,Debit Card,Senior,Standard,Advance,Birmingham New Street,Liverpool Lime Street,0,0.14
T0260,2025-11-16,21:54:00,Online,2025-12-22,13:48:00,13:00:00,Debit Card,Adult,Standard,Advance,Liverpool Lime Street,Manchester Piccadilly,1,0.7133
T0261,2025-11-17,06:23:00,Online,2025-12-09,09:34:00,08:29:00,Debit Card,Adult,First Class,Anytime,Manchester Piccadilly,Birmingham New Street,0,0.34
T0262,2025-11-19,19:25:00,Online,2025-12-20,14:53:00,10:52:00,Contactless,Adult,Standard,Off-Peak,London Paddington,York,0,0.0933
T0263,2025-11-15,22:30:00,Station,2025-12-04,15:55:00,10:11:00,Debit Card,Adult,First Class,Anytime,Reading,London Paddington,0,0.42
T0264,2025-11-11,11:06:00,Online,2025-12-14,12:31:00,09:15:00,Contactless,Adult,First Class,Advance,Bristol Temple Meads,York,0,0.0733
T0265,2025-11-24,06:11:00,Online,2025-11-26,18:17:00,23:35:00,Debit Card,Senior,First Class,Advance,London Paddington,Liverpool Lime Street,0,0.0233
T0266,2025-11-22,23:35:00,Station,2025-12-07,06:29:00,15:43:00,Credit Card,None,Standard,Off-Peak,London Paddington,Bristol Temple Meads,0,0.1633
T0267,2025-11-19,04:09:00,Station,2025-12-20,08:20:00,23:58:00,Contactless,Adult,First Class,Off-Peak,York,Leeds,0,0.1767
T0268,2025-11-16,02:35:00,Online,2025-11-30,17:22:00,15:33:00,Contactless,None,Standard,Anytime,Liverpool Lime Street,Leeds,0,0.0233
T0269,2025-11-24,21:32:00,Online,2025-12-02,17:54:00,16:19:00,Credit Card,Adult,First Class,Advance,Birmingham New Street,Bristol Temple Meads,0,0.0367
T0270,2025-11-14,08:17:00,Station,2025-12-05,09:38:00,14:55:00,Debit Card,None,Standard,Off-Peak,London Paddington,Leeds,0,0.3
T0271,2025-11-16,17:51:00,Online,2025-12-03,11:02:00,22:13:00,Contactless,Adult,Standard,Advance,Liverpool Lime Street,London Paddington,0,0.1933
T0273,2025-11-14,18:42:00,Station,2025-12-13,22:41:00,19:09:00,Contactless,Adult,First Class,Advance,Birmingham New Street,Reading,0,0.0067
T0274,2025-11-13,12:35:00,Online,2025-12-15,20:04:00,09:23:00,Contactless,Adult,Standard,Advance,York,Leeds,0,0.0933
T0275,2025-11-11,21:10:00,Station,2025-12-07,06:53:00,17:22:00,Debit Card,Adult,First Class,Off-Peak,York,Reading,0,0.2667
T0276,2025-11-21,03:58:00,Station,2025-12-22,17:46:00,20:13:00,Credit Card,Senior,First Class,Advance,Liverpool Lime Street,York,0,0.0567
T0277,2025-11-11,15:49:00,Station,2025-12-19,07:11:00,17:33:00,Credit Card,Adult,First Class,Off-Peak,Reading,Birmingham New Street,0,0.1033
T0278,2025-11-22,18:48:00,Station,2025-12-09,09:42:00,08:50:00,Debit Card,Senior,First Class,Anytime,Birmingham New Street,Manchester Piccadilly,0,0.1367
T0279,2025-11-13,19:34:00,Online,2025-12-01,19:00:00,22:49:00,Credit Card,Senior,First Class,Anytime,Birmingham New Street,York,0,0.0233
T0281,2025-11-16,19:52:00,Online,2025-12-22,17:23:00,14:38:00,Credit Card,Adult,Standard,Anytime,York,Leeds,0,0.03
T0282,2025-11-23,10:01:00,Online,2025-12-08,18:29:00,11:45:00,Credit Card,Senior,First Class,Anytime,York,Manchester Piccadilly,0,0.02
T0283,2025-11-16,01:21:00,Station,2025-11-30,12:21:00,12:14:00,Contactless,Adult,Standard,Advance,Bristol Temple Meads,Leeds,0,0.1167
T0284,2025-11-11,09:18:00,Online,2025-12-25,09:21:00,23:36:00,Debit Card,Senior,First Class,Off-Peak,Reading,Birmingham New Street,0,0.1167
T0285,2025-11-12,03:37:00,Online,2025-12-22,07:58:00,12:10:00,Contactless,Senior,First Class,Off-Peak,Reading,York,0,0.08
T0286,2025-11-20,11:45:00,Station,2025-12-20,19:49:00,17:47:00,Credit Card,Adult,Standard,Anytime,York,Reading,0,0.0067
T0287,2025-11-16,17:11:00,Online,2025-12-19,15:07:00,21:51:00,Contactless,Adult,First Class,Off-Peak,Birmingham New Street,Liverpool Lime Street,0,0.0567
T0288,2025-11-21,01:10:00,Station,2025-12-22,18:03:00,12:36:00,Debit Card,Senior,Standard,Off-Peak,London Paddington,Liverpool Lime Street,0,0.0667
T0289,2025-11-22,02:46:00,Station,2025-12-17,22:16:00,22:06:00,Contactless,Adult,First Class,Anytime,Birmingham New Street,Leeds,0,0.0233
T0290,2025-11-13,08:09:00,Station,2025-12-05,16:59:00,18:11:00,Debit Card,None,First Class,Advance,Bristol Temple Meads,Leeds,0,0.35
T0291,2025-11-13,23:16:00,Station,2025-12-23,14:00:00,11:10:00,Debit Card,None,First Class,Anytime,York,Leeds,0,0.3133
T0292,2025-11-21,23:02:00,Station,2025-12-23,07:43:00,19:48:00,Debit Card,Adult,Standard,Off-Peak,Manchester Piccadilly,Leeds,1,0.5033
T0293,2025-11-22,11:04:00,Station,2025-12-24,15:44:00,20:00:00,Credit Card,Adult,Standard,Advance,Birmingham New Street,Leeds,0,0.0467
T0294,2025-11-24,02:15:00,Station,2025-12-04,08:47:00,10:53:00,Credit Card,Adult,Standard,Advance,Manchester Piccadilly,Liverpool Lime Street,0,0.1033
T0295,2025-11-15,08:05:00,Station,2025-12-14,06:20:00,09:22:00,Debit Card,Adult,First Class,Advance,Birmingham New Street,Bristol Temple Meads,0,0.3667
T0296,2025-11-21,21:01:00,Station,2025-12-02,14:41:00,12:10:00,Credit Card,Adult,First Class,Advance,Bristol Temple Meads,Manchester Piccadilly,0,0.05
T0297,2025-11-22,11:15:00,Online,2025-12-06,15:43:00,12:22:00,Contactless,Senior,Standard,Anytime,Reading,Birmingham New Street,0,0.0633
T0298,2025-11-13,21:38:00,Station,2025-12-18,09:17:00,08:55:00,Contactless,Adult,First Class,Anytime,York,Manchester Piccadilly,0,0.15
T0299,2025-11-18,03:20:00,Online,2025-12-09,20:26:00,11:10:00,Credit Card,Senior,Standard,Advance,Liverpool Lime Street,Leeds,0,0.0233
T0300,2025-11-11,05:02:00,Station,2025-12-05,19:16:00,13:26:00,Contactless,None,Standard,Anytime,Bristol Temple Meads,Birmingham New Street,0,0.02
T0301,2025-11-12,21:39:00,Online,2025-12-06,10:32:00,18:55:00,Contactless,Senior,First Class,Anytime,Birmingham New Street,Liverpool Lime Street,0,0.0267
T0302,2025-11-19,20:41:00,Station,2025-12-15,06:40:00,22:49:00,Debit Card,None,First Class,Off-Peak,Leeds,York,0,0.2133
T0303,2025-11-14,12:02:00,Online,2025-12-13,09:24:00,09:52:00,Debit Card,None,First Class,Advance,London Paddington,Reading,0,0.08
T0305,2025-11-20,04:09:00,Station,2025-11-28,20:51:00,23:03:00,Debit Card,Adult,Standard,Anytime,Leeds,London Paddington,0,0.0967
T0307,2025-11-14,03:20:00,Station,2025-12-01,18:25:00,14:43:00,Contactless,Senior,Standard,Advance,Reading,Manchester Piccadilly,0,0.02
T0308,2025-11-20,03:45:00,Online,2025-11-27,13:51:00,11:55:00,Contactless,None,Standard,Advance,Reading,Birmingham New Street,0,0.0533
T0309,2025-11-16,11:38:00,Online,2025-12-08,22:46:00,21:43:00,Contactless,Senior,Standard,Anytime,Birmingham New Street,Liverpool Lime Street,0,0.0
T0310,2025-11-13,04:45:00,Station,2025-12-19,12:29:00,13:35:00,Credit Card,None,First Class,Off-Peak,Liverpool Lime Street,York,0,0.08
T0312,2025-11-15,07:53:00,Station,2025-11-29,11:25:00,10:53:00,Contactless,None,Standard,Advance,Liverpool Lime Street,York,0,0.0667
T0313,2025-11-24,06:41:00,Station,2025-12-22,11:05:00,14:34:00,Contactless,None,First Class,Anytime,Reading,Bristol Temple Meads,0,0.0867
T0314,2025-11-24,21:57:00,Station,2025-11-27,22:29:00,21:05:00,Credit Card,None,Standard,Off-Peak,Manchester Piccadilly,Reading,0,0.0
T0315,2025-11-16,09:27:00,Station,2025-12-17,06:14:00,10:51:00,Debit Card,Senior,Standard,Off-Peak,Manchester Piccadilly,Leeds,0,0.1933
T0316,2025-11-15,11:22:00,Station,2025-12-08,13:46:00,11:27:00,Credit Card,None,First Class,Advance,London Paddington,Reading,0,0.0067
T0317,2025-11-12,15:00:00,Online,2025-12-05,15:40:00,18:44:00,Debit Card,None,Standard,Off-Peak,Birmingham New Street,London Paddington,0,0.4433
T0320,2025-11-13,04:35:00,Online,2025-11-26,10:43:00,11:54:00,Debit Card,Senior,First Class,Anytime,Birmingham New Street,York,0,0.2133
T0321,2025-11-13,14:08:00,Online,2025-12-09,08:52:00,17:41:00,Debit Card,Senior,First Class,Off-Peak,York,Bristol Temple Meads,0,0.2933
T0322,2025-11-20,01:30:00,Station,2025-12-12,09:30:00,13:47:00,Debit Card,Adult,Standard,Advance,York,Manchester Piccadilly,1,0.7067
T0323,2025-11-11,12:45:00,Station,2025-12-11,21:18:00,13:27:00,Contactless,Senior,First Class,Advance,Manchester Piccadilly,Leeds,0,0.0533
T0324,2025-11-12,01:46:00,Online,2025-12-16,10:06:00,15:50:00,Debit Card,Senior,First Class,Anytime,Leeds,Bristol Temple Meads,0,0.3833
T0325,2025-11-13,21:43:00,Station,2025-11-29,09:18:00,22:28:00,Debit Card,Senior,First Class,Advance,Birmingham New Street,York,0,0.2267
T0326,2025-11-22,17:20:00,Online,2025-12-22,22:41:00,16:17:00,Debit Card,None,First Class,Off-Peak,Leeds,London Paddington,0,0.1467
T0327,2025-11-12,20:55:00,Online,2025-12-20,18:57:00,22:18:00,Credit Card,Adult,Standard,Advance,London Paddington,Birmingham New Street,0,0.0
T0328,2025-11-16,06:14:00,Online,2025-11-26,10:27:00,12:08:00,Contactless,Adult,First Class,Anytime,York,Leeds,0,0.19
T0329,2025-11-16,19:41:00,Station,2025-11-30,22:11:00,14:58:00,Credit Card,Adult,Standard,Advance,Leeds,London Paddington,0,0.0533
T0330,2025-11-17,01:43:00,Online,2025-12-24,11:27:00,15:39:00,Credit Card,Senior,Standard,Advance,Leeds,Bristol Temple Meads,0,0.48
T0331,2025-11-24,22:05:00,Online,2025-12-18,17:15:00,20:30:00,Debit Card,Adult,Standard,Off-Peak,Birmingham New Street,Reading,0,0.2267
T0332,2025-11-11,14:22:00,Online,2025-12-08,07:15:00,09:22:00,Contactless,Senior,First Class,Advance,Reading,Manchester Piccadilly,0,0.0233
T0333,2025-11-21,21:16:00,Station,2025-12-11,17:22:00,21:51:00,Credit Card,None,Standard,Anytime,Birmingham New Street,Leeds,0,0.0367
T0334,2025-11-17,17:24:00,Station,2025-11-26,14:57:00,21:35:00,Contactless,Senior,Standard,Advance,London Paddington,York,0,0.0767
T0335,2025-11-14,20:21:00,Online,2025-12-08,11:59:00,10:33:00,Contactless,None,First Class,Off-Peak,Liverpool Lime Street,Bristol Temple Meads,0,0.0633
T0337,2025-11-17,17:17:00,Online,2025-12-25,06:11:00,13:32:00,Contactless,Adult,First Class,Advance,Leeds,Manchester Piccadilly,0,0.1633
T0338,2025-11-15,15:01:00,Online,2025-12-22,20:28:00,15:44:00,Credit Card,Senior,First Class,Anytime,Manchester Piccadilly,York,0,0.03
T0339,2025-11-18,01:51:00,Online,2025-11-30,20:10:00,19:58:00,Credit Card,None,First Class,Anytime,Liverpool Lime Street,York,0,0.03
T0340,2025-11-20,17:00:00,Online,2025-12-07,10:37:00,11:08:00,Contactless,Adult,Standard,Advance,Birmingham New Street,Leeds,0,0.26
T0341,2025-11-21,07:45:00,Online,2025-11-26,14:54:00,14:25:00,Contactless,Senior,Standard,Off-Peak,Manchester Piccadilly,Birmingham New Street,0,0.04
T0342,2025-11-13,21:23:00,Online,2025-12-17,06:04:00,08:00:00,Credit Card,Adult,First Class,Anytime,Manchester Piccadilly,York,0,0.07
T0343,2025-11-21,01:10:00,Online,2025-12-16,18:25:00,12:44:00,Contactless,Adult,Standard,Anytime,York,Liverpool Lime Street,0,0.01
T0344,2025-11-22,12:55:00,Online,2025-12-11,13:10:00,12:44:00,Debit Card,Adult,Standard,Off-Peak,Reading,Bristol Temple Meads,1,0.5333
T0345,2025-11-22,06:25:00,Station,2025-12-09,09:57:00,22:35:00,Debit Card,None,First Class,Off-Peak,Manchester Piccadilly,Bristol Temple Meads,0,0.4733
T0346,2025-11-19,07:15:00,Online,2025-12-20,22:23:00,13:30:00,Debit Card,Senior,First Class,Off-Peak,Leeds,Reading,0,0.0667
T0347,2025-11-14,15:44:00,Station,2025-12-22,21:54:00,19:56:00,Contactless,Senior,First Class,Off-Peak,Liverpool Lime Street,Bristol Temple Meads,0,0.08
T0348,2025-11-19,07:42:00,Online,2025-12-23,17:15:00,15:21:00,Contactless,Senior,First Class,Anytime,Leeds,London Paddington,0,0.0467
T0349,2025-11-11,03:24:00,Station,2025-12-21,15:16:00,09:27:00,Credit Card,None,First Class,Off-Peak,York,London Paddington,0,0.06
T0350,2025-11-12,20:50:00,Online,2025-12-18,22:10:00,11:20:00,Credit Card,Senior,Standard,Advance,Manchester Piccadilly,Leeds,0,0.0267
T0351,2025-11-15,23:24:00,Station,2025-12-13,14:05:00,13:19:00,Contactless,None,Standard,Advance,York,Bristol Temple Meads,0,0.0733
T0352,2025-11-20,18:14:00,Online,2025-12-11,06:48:00,18:02:00,Contactless,Adult,Standard,Anytime,Liverpool Lime Street,Reading,0,0.0833
T0354,2025-11-19,14:17:00,Online,2025-12-15,18:08:00,22:30:00,Debit Card,None,Standard,Anytime,Manchester Piccadilly,York,0,0.12
T0355,2025-11-15,18:24:00,Station,2025-12-24,11:12:00,09:01:00,Credit Card,Senior,Standard,Advance,York,Birmingham New Street,0,0.03
T0356,2025-11-22,03:03:00,Online,2025-12-20,13:43:00,20:22:00,Debit Card,None,First Class,Advance,Manchester Piccadilly,Reading,0,0.2833
T0357,2025-11-18,16:45:00,Online,2025-12-17,09:26:00,14:16:00,Contactless,Adult,First Class,Anytime,Liverpool Lime Street,York,0,0.13
T0358,2025-11-23,08:34:00,Online,2025-12-19,16:04:00,21:52:00,Debit Card,Adult,Standard,Off-Peak,Manchester Piccadilly,Liverpool Lime Street,0,0.4833
T0359,2025-11-13,22:01:00,Station,2025-12-03,13:26:00,22:21:00,Contactless,Adult,Standard,Anytime,Leeds,Bristol Temple Meads,0,0.0867
T0360,2025-11-12,19:01:00,Station,2025-11-26,12:52:00,12:55:00,Debit Card,Senior,Standard,Anytime,Birmingham New Street,Liverpool Lime Street,0,0.21
T0361,2025-11-19,02:42:00,Online,2025-12-12,13:44:00,11:06:00,Credit Card,Adult,Standard,Advance,Birmingham New Street,Leeds,0,0.17
T0362,2025-11-13,12:11:00,Online,2025-12-17,20:35:00,22:23:00,Credit Card,None,Standard,Anytime,Bristol Temple Meads,Leeds,0,0.0033
T0364,2025-11-12,03:47:00,Station,2025-12-14,06:06:00,18:01:00,Contactless,None,First Class,Anytime,Liverpool Lime Street,York,0,0.1067
T0366,2025-11-18,18:50:00,Online,2025-12-15,18:38:00,13:29:00,Contactless,None,Standard,Anytime,Birmingham New Street,Manchester Piccadilly,0,0.0167
T0367,2025-11-18,13:12:00,Station,2025-12-05,19:50:00,14:57:00,Debit Card,Senior,Standard,Off-Peak,London Paddington,Liverpool Lime Street,0,0.0767
T0368,2025-11-21,01:56:00,Station,2025-12-16,18:14:00,23:18:00,Credit Card,Senior,First Class,Advance,York,Liverpool Lime Street,0,0.0133
T0369,2025-11-12,14:02:00,Online,2025-12-21,18:27:00,09:11:00,Credit Card,Senior,First Class,Advance,London Paddington,Bristol Temple Meads,0,0.1
T0370,2025-11-13,08:53:00,Station,2025-12-17,18:43:00,13:30:00,Contactless,Adult,Standard,Advance,Manchester Piccadilly,Bristol Temple Meads,0,0.02
T0371,2025-11-23,13:09:00,Station,2025-12-10,15:57:00,18:26:00,Debit Card,Adult,Standard,Off-Peak,Liverpool Lime Street,Leeds,1,0.5533
T0372,2025-11-23,02:29:00,Station,2025-12-08,06:29:00,11:06:00,Credit Card,Adult,Standard,Anytime,Bristol Temple Meads,Reading,0,0.0533
T0373,2025-11-24,21:19:00,Online,2025-12-19,20:45:00,12:19:00,Debit Card,Senior,First Class,Advance,Birmingham New Street,Bristol Temple Meads,0,0.1633
T0374,2025-11-19,11:39:00,Online,2025-11-28,22:10:00,16:05:00,Credit Card,Adult,First Class,Off-Peak,Bristol Temple Meads,London Paddington,0,0.05
T0376,2025-11-23,09:20:00,Station,2025-12-12,12:00:00,15:21:00,Credit Card,Senior,First Class,Anytime,Manchester Piccadilly,Reading,0,0.0333
T0377,2025-11-14,20:54:00,Station,2025-12-04,09:19:00,09:17:00,Debit Card,Adult,Standard,Anytime,Bristol Temple Meads,Leeds,0,0.3733
T0379,2025-11-23,21:04:00,Online,2025-12-16,13:41:00,11:16:00,Contactless,None,First Class,Anytime,Bristol Temple Meads,London Paddington,0,0.04
T0380,2025-11-15,09:50:00,Station,2025-12-07,08:40:00,23:32:00,Contactless,None,First Class,Anytime,York,Manchester Piccadilly,0,0.0433
T0382,2025-11-15,06:31:00,Station,2025-12-10,17:37:00,17:46:00,Debit Card,None,Standard,Advance,Liverpool Lime Street,Birmingham New Street,0,0.2833
T0383,2025-11-13,09:01:00,Station,2025-12-09,14:08:00,19:21:00,Credit Card,Senior,Standard,Advance,Leeds,London Paddington,0,0.1067
T0384,2025-11-21,23:43:00,Station,2025-12-19,22:26:00,15:50:00,Contactless,Adult,Standard,Off-Peak,York,Bristol Temple Meads,0,0.0133
T0385,2025-11-11,15:36:00,Station,2025-12-01,13:12:00,08:02:00,Debit Card,Senior,First Class,Advance,Reading,Bristol Temple Meads,0,0.15
T0386,2025-11-12,00:24:00,Online,2025-11-29,16:52:00,12:22:00,Credit Card,Adult,First Class,Off-Peak,Bristol Temple Meads,London Paddington,0,0.0933
T0387,2025-11-19,01:27:00,Online,2025-12-10,16:47:00,19:12:00,Debit Card,None,Standard,Advance,Liverpool Lime Street,London Paddington,0,0.4367
T0388,2025-11-20,10:03:00,Station,2025-12-21,11:25:00,15:47:00,Credit Card,Adult,First Class,Advance,Bristol Temple Meads,Leeds,0,0.0433
T0389,2025-11-21,04:34:00,Online,2025-12-06,14:01:00,13:02:00,Debit Card,Adult,Standard,Off-Peak,Reading,Birmingham New Street,0,0.3567
T0390,2025-11-21,07:43:00,Station,2025-12-18,13:27:00,10:31:00,Contactless,None,First Class,Anytime,York,Leeds,0,0.0633
T0391,2025-11-12,21:15:00,Station,2025-11-30,14:06:00,15:46:00,Contactless,Senior,First Class,Off-Peak,Liverpool Lime Street,Bristol Temple Meads,0,0.1833
T0392,2025-11-12,21:26:00,Online,2025-12-25,22:50:00,10:42:00,Contactless,Adult,First Class,Advance,Birmingham New Street,Leeds,0,0.1067
T0393,2025-11-15,21:56:00,Station,2025-12-01,09:34:00,09:43:00,Contactless,None,First Class,Off-Peak,Manchester Piccadilly,York,0,0.1567
T0394,2025-11-19,02:42:00,Station,2025-12-20,11:14:00,20:23:00,Debit Card,None,First Class,Anytime,Liverpool Lime Street,Manchester Piccadilly,0,0.4133
T0395,2025-11-18,04:59:00,Station,2025-12-02,11:34:00,08:00:00,Debit Card,None,First Class,Anytime,Manchester Piccadilly,London Paddington,0,0.24
T0397,2025-11-11,20:52:00,Online,2025-12-05,06:42:00,15:30:00,Contactless,None,First Class,Advance,Leeds,Manchester Piccadilly,0,0.0533
T0400,2025-11-22,03:04:00,Online,2025-12-06,06:44:00,15:49:00,Debit Card,Senior,First Class,Off-Peak,York,Reading,0,0.1167
T0401,2025-11-23,23:07:00,Online,2025-12-04,06:43:00,22:39:00,Debit Card,Adult,Standard,Off-Peak,Bristol Temple Meads,Reading,0,0.2367
T0403,2025-11-20,14:28:00,Online,2025-12-06,21:37:00,22:54:00,Credit Card,Senior,Standard,Advance,Leeds,Reading,0,0.0167
T0404,2025-11-15,19:10:00,Online,2025-12-01,22:13:00,16:21:00,Debit Card,None,Standard,Off-Peak,Birmingham New Street,Leeds,0,0.1467
T0405,2025-11-20,13:51:00,Station,2025-11-29,14:35:00,21:14:00,Debit Card,Senior,Standard,Off-Peak,Manchester Piccadilly,Leeds,0,0.28
T0406,2025-11-20,07:03:00,Station,2025-12-25,14:45:00,14:47:00,Credit Card,Senior,Standard,Anytime,London Paddington,Reading,0,0.0367
T0407,2025-11-11,23:55:00,Online,2025-11-28,22:17:00,13:01:00,Debit Card,Adult,First Class,Advance,York,Reading,0,0.12
T0408,2025-11-22,06:13:00,Online,2025-11-28,14:08:00,09:55:00,Contactless,None,First Class,Anytime,Leeds,Bristol Temple Meads,0,0.0633
T0409,2025-11-15,10:54:00,Station,2025-12-13,07:25:00,10:09:00,Contactless,Senior,Standard,Off-Peak,London Paddington,Leeds,0,0.0967
T0410,2025-11-12,16:21:00,Station,2025-12-21,11:20:00,16:00:00,Credit Card,Senior,First Class,Off-Peak,York,Manchester Piccadilly,0,0.08
T0411,2025-11-20,10:30:00,Online,2025-12-04,14:34:00,18:27:00,Debit Card,None,First Class,Off-Peak,Liverpool Lime Street,Manchester Piccadilly,0,0.4533
T0412,2025-11-13,14:56:00,Online,2025-12-22,15:10:00,12:44:00,Contactless,Adult,Standard,Advance,Liverpool Lime Street,Birmingham New Street,0,0.0733
T0413,2025-11-13,03:30:00,Online,2025-12-03,22:50:00,19:13:00,Credit Card,None,First Class,Off-Peak,York,Birmingham New Street,0,0.0133
T0414,2025-11-14,23:14:00,Online,2025-12-01,10:49:00,08:02:00,Contactless,None,Standard,Anytime,Liverpool Lime Street,York,0,0.0833
T0415,2025-11-14,08:21:00,Station,2025-12-14,19:14:00,21:34:00,Credit Card,Adult,First Class,Off-Peak,Bristol Temple Meads,London Paddington,0,0.0367
T0416,2025-11-17,21:19:00,Station,2025-11-27,10:53:00,15:33:00,Contactless,Senior,First Class,Anytime,Birmingham New Street,York,0,0.0567
T0417,2025-11-17,03:12:00,Online,2025-12-18,13:03:00,18:09:00,Credit Card,Adult,First Class,Anytime,London Paddington,Liverpool Lime Street,0,0.0267
T0418,2025-11-15,18:09:00,Station,2025-12-22,21:21:00,09:40:00,Debit Card,Senior,Standard,Off-Peak,Leeds,Manchester Piccadilly,0,0.0867
T0420,2025-11-13,05:30:00,Online,2025-12-11,21:25:00,12:40:00,Contactless,Adult,First Class,Advance,London Paddington,Manchester Piccadilly,0,0.0333
T0421,2025-11-18,21:56:00,Station,2025-12-23,21:19:00,13:21:00,Debit Card,Adult,First Class,Anytime,Reading,Bristol Temple Meads,0,0.17
T0422,2025-11-18,02:37:00,Online,2025-12-08,14:44:00,19:50:00,Credit Card,Senior,First Class,Off-Peak,Manchester Piccadilly,Reading,0,0.03
T0423,2025-11-23,01:36:00,Online,2025-12-04,10:31:00,22:11:00,Contactless,None,Standard,Off-Peak,Bristol Temple Meads,Liverpool Lime Street,0,0.0533
T0424,2025-11-22,09:54:00,Online,2025-12-07,19:24:00,17:57:00,Contactless,Adult,First Class,Advance,London Paddington,Bristol Temple Meads,0,0.0167
T0425,2025-11-23,11:04:00,Station,2025-12-06,22:07:00,10:23:00,Credit Card,Adult,Standard,Advance,York,London Paddington,0,0.06
T0426,2025-11-23,18:41:00,Online,2025-12-10,13:50:00,11:58:00,Contactless,Senior,First Class,Anytime,York,Birmingham New Street,0,0.0367
T0427,2025-11-19,17:46:00,Station,2025-12-15,12:25:00,20:54:00,Debit Card,Adult,First Class,Off-Peak,London Paddington,York,0,0.2767
T0428,2025-11-23,22:51:00,Station,2025-12-10,07:26:00,18:33:00,Debit Card,Senior,Standard,Advance,York,Liverpool Lime Street,0,0.1233
T0429,2025-11-13,15:46:00,Station,2025-12-22,15:14:00,16:14:00,Debit Card,None,First Class,Advance,Birmingham New Street,Manchester Piccadilly,0,0.48
T0430,2025-11-22,02:40:00,Station,2025-12-02,06:31:00,08:09:00,Credit Card,Senior,Standard,Off-Peak,Liverpool Lime Street,Leeds,0,0.0267
T0431,2025-11-22,00:34:00,Online,2025-12-04,15:41:00,19:32:00,Debit Card,Senior,Standard,Advance,Birmingham New Street,Liverpool Lime Street,0,0.2533
T0433,2025-11-13,00:39:00,Online,2025-12-03,10:58:00,20:25:00,Contactless,None,First Class,Advance,Reading,London Paddington,0,0.0433
T0434,2025-11-21,16:40:00,Online,2025-12-09,18:28:00,08:24:00,Debit Card,Adult,Standard,Anytime,Leeds,Reading,0,0.08
T0435,2025-11-19,16:15:00,Online,2025-12-05,15:32:00,23:51:00,Credit Card,Adult,First Class,Anytime,York,Reading,0,0.0233
T0436,2025-11-11,17:10:00,Online,2025-12-07,14:13:00,23:54:00,Contactless,None,Standard,Advance,Liverpool Lime Street,Leeds,0,0.04
T0437,2025-11-19,17:31:00,Online,2025-12-06,08:14:00,23:55:00,Credit Card,None,Standard,Advance,Birmingham New Street,York,0,0.0967
T0438,2025-11-23,04:09:00,Online,2025-12-02,07:16:00,10:22:00,Contactless,Adult,Standard,Anytime,Manchester Piccadilly,London Paddington,0,0.1933
T0439,2025-11-13,20:48:00,Online,2025-12-23,07:57:00,15:53:00,Credit Card,Adult,Standard,Off-Peak,Birmingham New Street,Reading,0,0.0467
T0440,2025-11-18,14:09:00,Station,2025-12-20,09:25:00,11:05:00,Contactless,Adult,Standard,Advance,Birmingham New Street,Bristol Temple Meads,0,0.1733
T0441,2025-11-19,16:23:00,Station,2025-12-22,08:48:00,17:59:00,Credit Card,Adult,First Class,Advance,Liverpool Lime Street,Manchester Piccadilly,0,0.1
T0442,2025-11-15,04:09:00,Station,2025-12-08,21:12:00,21:41:00,Contactless,Senior,Standard,Advance,Birmingham New Street,Bristol Temple Meads,0,0.0767
T0444,2025-11-13,14:51:00,Online,2025-12-22,06:50:00,12:41:00,Debit Card,None,First Class,Off-Peak,Reading,Liverpool Lime Street,0,0.1967
T0445,2025-11-15,20:19:00,Station,2025-11-29,20:13:00,19:53:00,Credit Card,None,First Class,Anytime,Birmingham New Street,Bristol Temple Meads,0,0.0433
T0446,2025-11-12,18:52:00,Online,2025-12-16,10:44:00,17:06:00,Credit Card,Adult,Standard,Anytime,Reading,Leeds,0,0.07
T0447,2025-11-22,19:24:00,Station,2025-12-21,11:29:00,14:07:00,Debit Card,None,First Class,Advance,Manchester Piccadilly,Liverpool Lime Street,0,0.39
T0448,2025-11-12,19:44:00,Station,2025-12-10,21:19:00,21:38:00,Contactless,Senior,First Class,Off-Peak,Liverpool Lime Street,York,0,0.0333
T0449,2025-11-13,17:02:00,Online,2025-11-26,10:02:00,14:49:00,Contactless,Adult,First Class,Advance,Birmingham New Street,York,0,0.1233
T0450,2025-11-16,16:02:00,Online,2025-12-20,07:12:00,14:21:00,Credit Card,Adult,Standard,Off-Peak,Bristol Temple Meads,Manchester Piccadilly,0,0.0967
T0451,2025-11-19,08:46:00,Online,2025-11-28,13:41:00,19:21:00,Contactless,None,First Class,Advance,Bristol Temple Meads,Birmingham New Street,0,0.0267
T0452,2025-11-18,10:45:00,Station,2025-11-26,09:38:00,23:17:00,Debit Card,None,First Class,Advance,Birmingham New Street,Manchester Piccadilly,0,0.3633
T0453,2025-11-23,03:23:00,Station,2025-12-07,07:35:00,12:08:00,Credit Card,Adult,Standard,Advance,Liverpool Lime Street,York,0,0.1867
T0455,2025-11-16,15:27:00,Online,2025-12-06,12:37:00,22:37:00,Contactless,Senior,First Class,Off-Peak,Bristol Temple Meads,Liverpool Lime Street,0,0.06
T0456,2025-11-16,14:57:00,Online,2025-12-13,16:27:00,19:19:00,Contactless,None,First Class,Anytime,London Paddington,Liverpool Lime Street,0,0.0233
T0457,2025-11-21,02:32:00,Station,2025-12-05,21:45:00,19:54:00,Contactless,Senior,Standard,Anytime,Bristol Temple Meads,York,0,0.0267
T0458,2025-11-23,07:31:00,Station,2025-11-27,09:09:00,17:54:00,Credit Card,None,First Class,Advance,Manchester Piccadilly,London Paddington,0,0.0633
T0460,2025-11-20,13:30:00,Online,2025-11-27,19:32:00,23:00:00,Contactless,None,First Class,Off-Peak,York,Manchester Piccadilly,0,0.0
T0462,2025-11-12,16:41:00,Online,2025-12-22,10:19:00,23:23:00,Debit Card,Senior,Standard,Off-Peak,Leeds,York,0,0.2367
T0463,2025-11-24,18:00:00,Online,2025-12-01,08:51:00,09:36:00,Debit Card,None,First Class,Anytime,Liverpool Lime Street,Manchester Piccadilly,0,0.2467
T0464,2025-11-23,06:29:00,Online,2025-12-08,21:55:00,20:32:00,Debit Card,Senior,First Class,Advance,Reading,Manchester Piccadilly,0,0.0333
T0465,2025-11-18,00:36:00,Online,2025-12-04,15:26:00,22:04:00,Contactless,Senior,First Class,Anytime,Leeds,Birmingham New Street,0,0.06
T0467,2025-11-13,16:18:00,Station,2025-12-06,13:42:00,09:51:00,Debit Card,None,Standard,Off-Peak,Bristol Temple Meads,York,0,0.2833
T0468,2025-11-23,09:10:00,Station,2025-12-24,15:22:00,12:41:00,Contactless,Senior,Standard,Anytime,Reading,Manchester Piccadilly,0,0.0233
T0469,2025-11-11,15:16:00,Online,2025-12-19,06:23:00,13:26:00,Contactless,Senior,First Class,Anytime,London Paddington,Bristol Temple Meads,0,0.13
T0470,2025-11-14,01:47:00,Online,2025-12-19,08:35:00,18:23:00,Debit Card,None,First Class,Anytime,Manchester Piccadilly,Liverpool Lime Street,0,0.3167
T0472,2025-11-20,08:39:00,Station,2025-12-04,12:07:00,19:50:00,Contactless,None,First Class,Anytime,Liverpool Lime Street,Birmingham New Street,0,0.0467
T0473,2025-11-18,03:14:00,Station,2025-12-23,20:13:00,21:51:00,Debit Card,Senior,Standard,Advance,Reading,Bristol Temple Meads,0,0.0833
T0474,2025-11-21,20:38:00,Online,2025-12-18,08:10:00,21:23:00,Credit Card,Senior,Standard,Anytime,York,Liverpool Lime Street,0,0.0267
T0476,2025-11-17,01:13:00,Station,2025-12-10,06:36:00,17:31:00,Debit Card,Adult,Standard,Advance,Liverpool Lime Street,London Paddington,1,0.5667
T0477,2025-11-19,15:55:00,Online,2025-12-22,15:00:00,13:09:00,Contactless,Senior,First Class,Anytime,Birmingham New Street,London Paddington,0,0.04
T0478,2025-11-17,22:17:00,Station,2025-12-25,09:20:00,20:55:00,Credit Card,None,First Class,Advance,Reading,London Paddington,0,0.0467
T0479,2025-11-12,14:55:00,Station,2025-12-19,14:58:00,14:12:00,Contactless,Adult,Standard,Advance,Birmingham New Street,Leeds,0,0.1
T0480,2025-11-11,14:08:00,Online,2025-12-18,22:43:00,12:44:00,Debit Card,Adult,Standard,Advance,Reading,Leeds,0,0.1667
T0481,2025-11-15,14:04:00,Online,2025-12-05,19:38:00,15:13:00,Contactless,None,Standard,Anytime,York,Manchester Piccadilly,0,0.01
T0482,2025-11-15,09:01:00,Station,2025-12-08,18:32:00,23:38:00,Credit Card,None,First Class,Advance,Bristol Temple Meads,Leeds,0,0.01
T0483,2025-11-20,11:20:00,Station,2025-12-02,07:04:00,21:26:00,Debit Card,Senior,First Class,Advance,Birmingham New Street,London Paddington,0,0.1733
T0484,2025-11-15,06:56:00,Online,2025-12-05,16:11:00,21:57:00,Credit Card,Senior,Standard,Advance,Reading,Liverpool Lime Street,0,0.0267
T0485,2025-11-23,21:52:00,Online,2025-12-18,22:02:00,14:17:00,Contactless,None,Standard,Advance,Liverpool Lime Street,Bristol Temple Meads,0,0.0433
T0486,2025-11-18,05:07:00,Station,2025-12-13,06:59:00,16:31:00,Debit Card,None,Standard,Off-Peak,Liverpool Lime Street,Birmingham New Street,0,0.23
T0487,2025-11-20,11:59:00,Station,2025-12-13,21:33:00,19:39:00,Debit Card,None,First Class,Advance,Manchester Piccadilly,York,0,0.1567
T0488,2025-11-17,19:56:00,Online,2025-12-01,22:43:00,08:19:00,Contactless,Adult,Standard,Anytime,London Paddington,Birmingham New Street,0,0.02
T0489,2025-11-18,01:11:00,Station,2025-12-04,16:22:00,16:31:00,Debit Card,Senior,Standard,Anytime,London Paddington,Bristol Temple Meads,0,0.2667
T0490,2025-11-20,10:05:00,Online,2025-12-24,18:52:00,17:43:00,Credit Card,Senior,First Class,Advance,Liverpool Lime Street,Reading,0,0.0133
T0491,2025-11-18,13:55:00,Station,2025-11-28,06:18:00,15:24:00,Credit Card,Adult,First Class,Advance,Birmingham New Street,Manchester Piccadilly,0,0.1033
T0492,2025-11-15,06:27:00,Online,2025-12-11,11:25:00,19:54:00,Contactless,None,Standard,Anytime,Manchester Piccadilly,Leeds,0,0.0467
T0494,2025-11-20,18:23:00,Online,2025-12-08,12:22:00,16:48:00,Contactless,Adult,First Class,Anytime,Leeds,Bristol Temple Meads,0,0.0967
T0495,2025-11-13,17:55:00,Online,2025-12-03,16:45:00,11:10:00,Debit Card,Senior,First Class,Off-Peak,Manchester Piccadilly,Bristol Temple Meads,0,0.4233
T0496,2025-11-24,10:47:00,Station,2025-11-26,10:51:00,20:33:00,Contactless,Adult,First Class,Off-Peak,Liverpool Lime Street,York,0,0.1633
T0497,2025-11-22,00:52:00,Online,2025-12-21,13:03:00,21:52:00,Credit Card,Adult,Standard,Advance,Bristol Temple Meads,Leeds,0,0.0433
T0498,2025-11-22,12:48:00,Online,2025-11-30,15:51:00,12:29:00,Credit Card,Adult,Standard,Advance,Birmingham New Street,London Paddington,0,0.1033
T0499,2025-11-12,20:10:00,Station,2025-12-11,15:49:00,10:21:00,Debit Card,None,First Class,Anytime,York,Birmingham New Street,0,0.2733
